ID, Name, Surname, PhoneNumber, Email
1, Viktor, Sidorenko, 79273647145, Kovalenko@yandex.ru
2, Anton, Moroz, 79690484052, Mironenko@gmail.com
3, Alex, Galich, 79448371591, Moroz@gmail.com
4, Miron, Sidorenko,79921388747, Mironenko@yandex.ru
5, Miron, Kovalenko, 79485145269, Sidorenko@yandex.ru
6, Igor, Mironenko, 79768642602, Moroz@gmail.com
7, Viktor, Shagal, 79341744740, Dama@yandex.ru
8, Anna, Dama, 79962757967, Sidorenko@mail.ru
9, Inna, Shagal, 79278710098, Mironenko@mail.ru
10, Svetlana, Kovalenko, 79577808500, Moroz@yandex.ru
11, Anna, Moroz, 79981681733, Shapiro@gmail.com
12, Anna, Moroz, 79772914957, Moroz@yandex.ru
13, Svetlana, Dama, 79966072606, Kovalenko@gmail.com
14, Anton, Dama, 79136898199, Shagal@gmail.com
15, Olga, Shagal, 79290757808, Galich@mail.ru
16, Miron, Kovalenko, 79906154652, Galich@mail.ru
17, Anna, Moroz, 79110908590, Kovalenko@gmail.com
18, Viktor, Dama, 79170535393, Galich@yandex.ru
19, Inna, Dama, 79592870751, Galich@yandex.ru
20, Anna, Moroz, 79789861619, Sidorenko@yandex.ru